version,min_area,min_sim_db,keep_full_img,detector_file,extractor_onnx_file,pipeline_onnx_file,image_dim,allowed_classes,score_thresh,iou_thresh,scales,mean,std,rgem_pr,rgem_size,gem_p,sgem_ps,sgem_infinity,eps,map_easy,mp@1_easy,mp@5_easy,mp@10_easy,map_medium,mp@1_medium,mp@5_medium,mp@10_medium,map_hard,mp@1_hard,mp@5_hard,mp@10_hard,map_easy_bbox,mp@1_easy_bbox,mp@5_easy_bbox,mp@10_easy_bbox,map_medium_bbox,mp@1_medium_bbox,mp@5_medium_bbox,mp@10_medium_bbox,map_hard_bbox,mp@1_hard_bbox,mp@5_hard_bbox,mp@10_hard_bbox,inference_time
0,0.0,0.0,0,yolov8n-oiv7.pt,cvnet-sg-v0.onnx,pipeline-yolo-cvnet-sg-v0.onnx,"(640, 640)","[41, 68, 70, 74, 87, 95, 113, 144, 150, 158, 164, 165, 193, 205, 212, 224, 257, 298, 310, 335, 351, 354, 390, 393, 401, 403, 439, 442, 457, 466, 489, 510, 512, 514, 524, 530, 531, 543, 546, 554, 565, 573, 580, 588, 591]",0.05,0.25,"[0.7071, 1.0, 1.4142]","[0.485, 0.456, 0.406]","[0.229, 0.224, 0.225]",2.5,5,4.6,10.0,False,1e-08,75.48713229454185,97.05882352941175,84.04411764705881,78.45588235294116,58.68571475011939,95.71428571428572,81.80952380952382,77.19047619047619,30.34443151332889,64.28571428571429,53.42857142857142,44.14285714285715,70.87122863851926,92.64705882352942,81.98529411764704,77.61554621848738,54.88934523037364,90.0,75.52380952380955,72.57142857142858,26.25181338898383,65.71428571428571,46.42857142857143,39.12244897959184,
1,0.0,0.1,0,yolov8n-oiv7.pt,cvnet-sg-v1.onnx,pipeline-yolo-cvnet-sg-v1.onnx,"(640, 640)","[41, 68, 70, 74, 87, 95, 113, 144, 150, 158, 164, 165, 193, 205, 212, 224, 257, 298, 310, 335, 351, 354, 390, 393, 401, 403, 439, 442, 457, 466, 489, 510, 512, 514, 524, 530, 531, 543, 546, 554, 565, 573, 580, 588, 591]",0.05,0.25,"[0.7071, 1.0, 1.4142]","[0.485, 0.456, 0.406]","[0.229, 0.224, 0.225]",2.5,5,4.6,10.0,False,1e-08,75.48713229454185,97.05882352941175,84.04411764705881,78.45588235294116,58.68571475011939,95.71428571428572,81.80952380952382,77.19047619047619,30.34443151332889,64.28571428571429,53.42857142857142,44.14285714285715,70.87122863851926,92.64705882352942,81.98529411764704,77.61554621848738,54.88934523037364,90.0,75.52380952380955,72.57142857142858,26.25181338898383,65.71428571428571,46.42857142857143,39.12244897959184,
2,0.0,0.2,0,yolov8n-oiv7.pt,cvnet-sg-v2.onnx,pipeline-yolo-cvnet-sg-v2.onnx,"(640, 640)","[41, 68, 70, 74, 87, 95, 113, 144, 150, 158, 164, 165, 193, 205, 212, 224, 257, 298, 310, 335, 351, 354, 390, 393, 401, 403, 439, 442, 457, 466, 489, 510, 512, 514, 524, 530, 531, 543, 546, 554, 565, 573, 580, 588, 591]",0.05,0.25,"[0.7071, 1.0, 1.4142]","[0.485, 0.456, 0.406]","[0.229, 0.224, 0.225]",2.5,5,4.6,10.0,False,1e-08,75.48713229454185,97.05882352941175,84.04411764705881,78.45588235294116,58.68571475011939,95.71428571428572,81.80952380952382,77.19047619047619,30.34443151332889,64.28571428571429,53.42857142857142,44.14285714285715,70.87122863851926,92.64705882352942,81.98529411764704,77.61554621848738,54.88934523037364,90.0,75.52380952380955,72.57142857142858,26.25181338898383,65.71428571428571,46.42857142857143,39.12244897959184,
3,0.0,0.3,0,yolov8n-oiv7.pt,cvnet-sg-v3.onnx,pipeline-yolo-cvnet-sg-v3.onnx,"(640, 640)","[41, 68, 70, 74, 87, 95, 113, 144, 150, 158, 164, 165, 193, 205, 212, 224, 257, 298, 310, 335, 351, 354, 390, 393, 401, 403, 439, 442, 457, 466, 489, 510, 512, 514, 524, 530, 531, 543, 546, 554, 565, 573, 580, 588, 591]",0.05,0.25,"[0.7071, 1.0, 1.4142]","[0.485, 0.456, 0.406]","[0.229, 0.224, 0.225]",2.5,5,4.6,10.0,False,1e-08,75.48713229454185,97.05882352941175,84.04411764705881,78.45588235294116,58.68571475011939,95.71428571428572,81.80952380952382,77.19047619047619,30.34443151332889,64.28571428571429,53.42857142857142,44.14285714285715,70.87122863851926,92.64705882352942,81.98529411764704,77.61554621848738,54.88934523037364,90.0,75.52380952380955,72.57142857142858,26.25181338898383,65.71428571428571,46.42857142857143,39.12244897959184,
4,0.0,0.4,0,yolov8n-oiv7.pt,cvnet-sg-v4.onnx,pipeline-yolo-cvnet-sg-v4.onnx,"(640, 640)","[41, 68, 70, 74, 87, 95, 113, 144, 150, 158, 164, 165, 193, 205, 212, 224, 257, 298, 310, 335, 351, 354, 390, 393, 401, 403, 439, 442, 457, 466, 489, 510, 512, 514, 524, 530, 531, 543, 546, 554, 565, 573, 580, 588, 591]",0.05,0.25,"[0.7071, 1.0, 1.4142]","[0.485, 0.456, 0.406]","[0.229, 0.224, 0.225]",2.5,5,4.6,10.0,False,1e-08,75.48713229454185,97.05882352941175,84.04411764705881,78.45588235294116,58.68571475011939,95.71428571428572,81.80952380952382,77.19047619047619,30.34443151332889,64.28571428571429,53.42857142857142,44.14285714285715,70.87122863851926,92.64705882352942,81.98529411764704,77.61554621848738,54.88934523037364,90.0,75.52380952380955,72.57142857142858,26.25181338898383,65.71428571428571,46.42857142857143,39.12244897959184,
5,0.0,0.4,0,yolov8n-oiv7.pt,cvnet-sg-v5.onnx,pipeline-yolo-cvnet-sg-v5.onnx,"(640, 640)","[41, 68, 70, 74, 87, 95, 113, 144, 150, 158, 164, 165, 193, 205, 212, 224, 257, 298, 310, 335, 351, 354, 390, 393, 401, 403, 439, 442, 457, 466, 489, 510, 512, 514, 524, 530, 531, 543, 546, 554, 565, 573, 580, 588, 591]",0.05,0.25,"[0.7071, 1.0, 1.4142]","[0.485, 0.456, 0.406]","[0.229, 0.224, 0.225]",2.5,5,4.6,10.0,False,1e-08,75.48713229454185,97.05882352941175,84.04411764705881,78.45588235294116,58.68571475011939,95.71428571428572,81.80952380952382,77.19047619047619,30.34443151332889,64.28571428571429,53.42857142857142,44.14285714285715,70.87122863851926,92.64705882352942,81.98529411764704,77.61554621848738,54.88934523037364,90.0,75.52380952380955,72.57142857142858,26.25181338898383,65.71428571428571,46.42857142857143,39.12244897959184,
6,0.0,0.5,0,yolov8n-oiv7.pt,cvnet-sg-v6.onnx,pipeline-yolo-cvnet-sg-v6.onnx,"(640, 640)","[41, 68, 70, 74, 87, 95, 113, 144, 150, 158, 164, 165, 193, 205, 212, 224, 257, 298, 310, 335, 351, 354, 390, 393, 401, 403, 439, 442, 457, 466, 489, 510, 512, 514, 524, 530, 531, 543, 546, 554, 565, 573, 580, 588, 591]",0.05,0.25,"[0.7071, 1.0, 1.4142]","[0.485, 0.456, 0.406]","[0.229, 0.224, 0.225]",2.5,5,4.6,10.0,False,1e-08,75.48713229454185,97.05882352941175,84.04411764705881,78.45588235294116,58.68571475011939,95.71428571428572,81.80952380952382,77.19047619047619,30.34443151332889,64.28571428571429,53.42857142857142,44.14285714285715,70.87233225086959,92.64705882352942,81.98529411764704,77.61554621848738,54.891240236066565,90.0,75.52380952380955,72.57142857142858,26.254412550584377,65.71428571428571,46.42857142857143,39.12244897959184,
7,0.0,0.6,0,yolov8n-oiv7.pt,cvnet-sg-v7.onnx,pipeline-yolo-cvnet-sg-v7.onnx,"(640, 640)","[41, 68, 70, 74, 87, 95, 113, 144, 150, 158, 164, 165, 193, 205, 212, 224, 257, 298, 310, 335, 351, 354, 390, 393, 401, 403, 439, 442, 457, 466, 489, 510, 512, 514, 524, 530, 531, 543, 546, 554, 565, 573, 580, 588, 591]",0.05,0.25,"[0.7071, 1.0, 1.4142]","[0.485, 0.456, 0.406]","[0.229, 0.224, 0.225]",2.5,5,4.6,10.0,False,1e-08,75.45875764073344,97.05882352941175,84.04411764705881,78.45588235294116,58.66422518659912,95.71428571428572,81.80952380952382,77.19047619047619,30.34274819942024,64.28571428571429,53.42857142857142,44.14285714285715,70.89557546980492,92.64705882352942,81.98529411764704,77.61554621848738,54.90096534304734,90.0,75.52380952380955,72.57142857142858,26.466432812746383,65.71428571428571,46.71428571428571,39.836734693877546,
8,0.0,0.7,0,yolov8n-oiv7.pt,cvnet-sg-v8.onnx,pipeline-yolo-cvnet-sg-v8.onnx,"(640, 640)","[41, 68, 70, 74, 87, 95, 113, 144, 150, 158, 164, 165, 193, 205, 212, 224, 257, 298, 310, 335, 351, 354, 390, 393, 401, 403, 439, 442, 457, 466, 489, 510, 512, 514, 524, 530, 531, 543, 546, 554, 565, 573, 580, 588, 591]",0.05,0.25,"[0.7071, 1.0, 1.4142]","[0.485, 0.456, 0.406]","[0.229, 0.224, 0.225]",2.5,5,4.6,10.0,False,1e-08,75.40431942179282,97.05882352941175,84.04411764705881,78.45588235294116,58.57882292045049,95.71428571428572,81.80952380952382,77.19047619047619,30.31761321664561,64.28571428571429,53.42857142857142,44.14285714285715,72.76430068007232,94.11764705882352,82.86764705882352,79.2331932773109,56.5044132989058,91.42857142857144,76.95238095238098,73.90476190476193,28.34706008531761,68.57142857142857,49.28571428571428,41.42857142857142,
9,0.0,0.8,0,yolov8n-oiv7.pt,cvnet-sg-v9.onnx,pipeline-yolo-cvnet-sg-v9.onnx,"(640, 640)","[41, 68, 70, 74, 87, 95, 113, 144, 150, 158, 164, 165, 193, 205, 212, 224, 257, 298, 310, 335, 351, 354, 390, 393, 401, 403, 439, 442, 457, 466, 489, 510, 512, 514, 524, 530, 531, 543, 546, 554, 565, 573, 580, 588, 591]",0.05,0.25,"[0.7071, 1.0, 1.4142]","[0.485, 0.456, 0.406]","[0.229, 0.224, 0.225]",2.5,5,4.6,10.0,False,1e-08,71.61415222717393,94.11764705882352,81.69117647058822,76.54411764705881,55.435509570152334,92.85714285714286,80.38095238095238,75.04761904761904,28.43961012131094,62.85714285714285,51.71428571428572,42.428571428571445,71.92609799822438,92.64705882352942,81.69117647058822,78.20378151260503,56.79752787121137,91.42857142857144,79.42857142857143,75.66666666666669,31.69616559089444,70.0,54.64285714285714,45.35714285714286,
10,0.0,0.9,0,yolov8n-oiv7.pt,cvnet-sg-v10.onnx,pipeline-yolo-cvnet-sg-v10.onnx,"(640, 640)","[41, 68, 70, 74, 87, 95, 113, 144, 150, 158, 164, 165, 193, 205, 212, 224, 257, 298, 310, 335, 351, 354, 390, 393, 401, 403, 439, 442, 457, 466, 489, 510, 512, 514, 524, 530, 531, 543, 546, 554, 565, 573, 580, 588, 591]",0.05,0.25,"[0.7071, 1.0, 1.4142]","[0.485, 0.456, 0.406]","[0.229, 0.224, 0.225]",2.5,5,4.6,10.0,False,1e-08,75.224128381885,97.05882352941175,84.04411764705881,78.45588235294116,58.39838583875676,95.71428571428572,81.80952380952382,77.04761904761904,30.18270617768594,64.28571428571429,53.42857142857142,44.000000000000014,75.59749256158,97.05882352941175,84.63235294117646,80.22058823529412,59.268442145753,95.71428571428572,83.0,78.04761904761905,32.90021639761654,70.0,53.33333333333332,46.61904761904762,
11,0.0,0.75,0,yolov8n-oiv7.pt,cvnet-sg-v11.onnx,pipeline-yolo-cvnet-sg-v11.onnx,"(640, 640)","[41, 68, 70, 74, 87, 95, 113, 144, 150, 158, 164, 165, 193, 205, 212, 224, 257, 298, 310, 335, 351, 354, 390, 393, 401, 403, 439, 442, 457, 466, 489, 510, 512, 514, 524, 530, 531, 543, 546, 554, 565, 573, 580, 588, 591]",0.05,0.25,"[0.7071, 1.0, 1.4142]","[0.485, 0.456, 0.406]","[0.229, 0.224, 0.225]",2.5,5,4.6,10.0,False,1e-08,71.16376239193355,92.64705882352942,80.2205882352941,75.07352941176471,55.38958977905574,91.42857142857144,78.66666666666667,73.61904761904762,28.12641960974845,60.0,50.0,41.2857142857143,70.93976905099596,92.64705882352942,80.80882352941174,77.06932773109243,55.8733545388361,90.0,76.57142857142858,73.95238095238096,29.92403121667448,68.57142857142857,51.2142857142857,43.21428571428572,
12,0.0,0.85,0,yolov8n-oiv7.pt,cvnet-sg-v12.onnx,pipeline-yolo-cvnet-sg-v12.onnx,"(640, 640)","[41, 68, 70, 74, 87, 95, 113, 144, 150, 158, 164, 165, 193, 205, 212, 224, 257, 298, 310, 335, 351, 354, 390, 393, 401, 403, 439, 442, 457, 466, 489, 510, 512, 514, 524, 530, 531, 543, 546, 554, 565, 573, 580, 588, 591]",0.05,0.25,"[0.7071, 1.0, 1.4142]","[0.485, 0.456, 0.406]","[0.229, 0.224, 0.225]",2.5,5,4.6,10.0,False,1e-08,71.5850991173319,92.64705882352942,80.51470588235293,75.2205882352941,55.18141515803926,91.42857142857144,78.66666666666667,73.9047619047619,28.34559376020524,61.42857142857143,50.85714285714285,41.71428571428572,72.71824411101716,94.11764705882352,82.79411764705881,78.97058823529412,56.09365881197612,91.42857142857144,80.14285714285717,75.38095238095241,29.87928037420413,64.28571428571429,51.04761904761904,43.333333333333336,
13,0.0,0.95,0,yolov8n-oiv7.pt,cvnet-sg-v13.onnx,pipeline-yolo-cvnet-sg-v13.onnx,"(640, 640)","[41, 68, 70, 74, 87, 95, 113, 144, 150, 158, 164, 165, 193, 205, 212, 224, 257, 298, 310, 335, 351, 354, 390, 393, 401, 403, 439, 442, 457, 466, 489, 510, 512, 514, 524, 530, 531, 543, 546, 554, 565, 573, 580, 588, 591]",0.05,0.25,"[0.7071, 1.0, 1.4142]","[0.485, 0.456, 0.406]","[0.229, 0.224, 0.225]",2.5,5,4.6,10.0,False,1e-08,75.04878142420093,97.05882352941175,84.04411764705881,78.45588235294116,58.41604744953458,95.71428571428572,81.80952380952382,77.19047619047619,30.343062798300576,64.28571428571429,53.42857142857142,44.14285714285715,75.0388177057653,97.05882352941175,83.8235294117647,78.23529411764706,57.6081765748418,95.71428571428572,79.71428571428574,75.57936507936509,29.44436229460931,64.28571428571429,50.0,43.38265306122449,
14,0.0,0.99,0,yolov8n-oiv7.pt,cvnet-sg-v14.onnx,pipeline-yolo-cvnet-sg-v14.onnx,"(640, 640)","[41, 68, 70, 74, 87, 95, 113, 144, 150, 158, 164, 165, 193, 205, 212, 224, 257, 298, 310, 335, 351, 354, 390, 393, 401, 403, 439, 442, 457, 466, 489, 510, 512, 514, 524, 530, 531, 543, 546, 554, 565, 573, 580, 588, 591]",0.05,0.25,"[0.7071, 1.0, 1.4142]","[0.485, 0.456, 0.406]","[0.229, 0.224, 0.225]",2.5,5,4.6,10.0,False,1e-08,75.48713229454185,97.05882352941175,84.04411764705881,78.45588235294116,58.68571475011939,95.71428571428572,81.80952380952382,77.19047619047619,30.34443151332889,64.28571428571429,53.42857142857142,44.14285714285715,75.51602515558147,97.05882352941175,84.04411764705881,78.60294117647058,58.67531026083937,95.71428571428572,81.80952380952382,77.19047619047619,30.279905486220915,64.28571428571429,53.99999999999999,43.85714285714288,
15,0.0,1.0,0,yolov8n-oiv7.pt,cvnet-sg-v15.onnx,pipeline-yolo-cvnet-sg-v15.onnx,"(640, 640)","[41, 68, 70, 74, 87, 95, 113, 144, 150, 158, 164, 165, 193, 205, 212, 224, 257, 298, 310, 335, 351, 354, 390, 393, 401, 403, 439, 442, 457, 466, 489, 510, 512, 514, 524, 530, 531, 543, 546, 554, 565, 573, 580, 588, 591]",0.05,0.25,"[0.7071, 1.0, 1.4142]","[0.485, 0.456, 0.406]","[0.229, 0.224, 0.225]",2.5,5,4.6,10.0,False,1e-08,75.48713229454185,97.05882352941175,84.04411764705881,78.45588235294116,58.68571475011939,95.71428571428572,81.80952380952382,77.19047619047619,30.34443151332889,64.28571428571429,53.42857142857142,44.14285714285715,75.48713229454185,97.05882352941175,84.04411764705881,78.45588235294116,58.68571475011939,95.71428571428572,81.80952380952382,77.19047619047619,30.34443151332889,64.28571428571429,53.42857142857142,44.14285714285715,
16,0.0,0.5,1,yolov8n-oiv7.pt,cvnet-sg-v16.onnx,pipeline-yolo-cvnet-sg-v16.onnx,"(640, 640)","[41, 68, 70, 74, 87, 95, 113, 144, 150, 158, 164, 165, 193, 205, 212, 224, 257, 298, 310, 335, 351, 354, 390, 393, 401, 403, 439, 442, 457, 466, 489, 510, 512, 514, 524, 530, 531, 543, 546, 554, 565, 573, 580, 588, 591]",0.05,0.25,"[0.7071, 1.0, 1.4142]","[0.485, 0.456, 0.406]","[0.229, 0.224, 0.225]",2.5,5,4.6,10.0,False,1e-08,75.48713229454185,97.05882352941175,84.04411764705881,78.45588235294116,58.68571475011939,95.71428571428572,81.80952380952382,77.19047619047619,30.34443151332889,64.28571428571429,53.42857142857142,44.14285714285715,70.87233225086959,92.64705882352942,81.98529411764704,77.61554621848738,54.891240236066565,90.0,75.52380952380955,72.57142857142858,26.254412550584377,65.71428571428571,46.42857142857143,39.12244897959184,
16,0.0,0.5,1,yolov8n-oiv7.pt,cvnet-sg-v16.onnx,pipeline-yolo-cvnet-sg-v16.onnx,"(640, 640)","[41, 68, 70, 74, 87, 95, 113, 144, 150, 158, 164, 165, 193, 205, 212, 224, 257, 298, 310, 335, 351, 354, 390, 393, 401, 403, 439, 442, 457, 466, 489, 510, 512, 514, 524, 530, 531, 543, 546, 554, 565, 573, 580, 588, 591]",0.05,0.25,"[0.7071, 1.0, 1.4142]","[0.485, 0.456, 0.406]","[0.229, 0.224, 0.225]",2.5,5,4.6,10.0,False,1e-08,75.48713229454185,97.05882352941175,84.04411764705881,78.45588235294116,58.68571475011939,95.71428571428572,81.80952380952382,77.19047619047619,30.34443151332889,64.28571428571429,53.42857142857142,44.14285714285715,70.87233225086959,92.64705882352942,81.98529411764704,77.61554621848738,54.891240236066565,90.0,75.52380952380955,72.57142857142858,26.254412550584377,65.71428571428571,46.42857142857143,39.12244897959184,
17,0.0,0.6,1,yolov8n-oiv7.pt,cvnet-sg-v17.onnx,pipeline-yolo-cvnet-sg-v17.onnx,"(640, 640)","[41, 68, 70, 74, 87, 95, 113, 144, 150, 158, 164, 165, 193, 205, 212, 224, 257, 298, 310, 335, 351, 354, 390, 393, 401, 403, 439, 442, 457, 466, 489, 510, 512, 514, 524, 530, 531, 543, 546, 554, 565, 573, 580, 588, 591]",0.05,0.25,"[0.7071, 1.0, 1.4142]","[0.485, 0.456, 0.406]","[0.229, 0.224, 0.225]",2.5,5,4.6,10.0,False,1e-08,75.45875764073344,97.05882352941175,84.04411764705881,78.45588235294116,58.66422518659912,95.71428571428572,81.80952380952382,77.19047619047619,30.34274819942024,64.28571428571429,53.42857142857142,44.14285714285715,70.89557546980492,92.64705882352942,81.98529411764704,77.61554621848738,54.90096534304734,90.0,75.52380952380955,72.57142857142858,26.466432812746383,65.71428571428571,46.71428571428571,39.836734693877546,
16,0.0,0.5,1,yolov8n-oiv7.pt,cvnet-sg-v16.onnx,pipeline-yolo-cvnet-sg-v16.onnx,"(640, 640)","[41, 68, 70, 74, 87, 95, 113, 144, 150, 158, 164, 165, 193, 205, 212, 224, 257, 298, 310, 335, 351, 354, 390, 393, 401, 403, 439, 442, 457, 466, 489, 510, 512, 514, 524, 530, 531, 543, 546, 554, 565, 573, 580, 588, 591]",0.05,0.25,"[0.7071, 1.0, 1.4142]","[0.485, 0.456, 0.406]","[0.229, 0.224, 0.225]",2.5,5,4.6,10.0,False,1e-08,75.48713229454185,97.05882352941175,84.04411764705881,78.45588235294116,58.68571475011939,95.71428571428572,81.80952380952382,77.19047619047619,30.34443151332889,64.28571428571429,53.42857142857142,44.14285714285715,70.87233225086959,92.64705882352942,81.98529411764704,77.61554621848738,54.891240236066565,90.0,75.52380952380955,72.57142857142858,26.254412550584377,65.71428571428571,46.42857142857143,39.12244897959184,
17,0.0,0.6,1,yolov8n-oiv7.pt,cvnet-sg-v17.onnx,pipeline-yolo-cvnet-sg-v17.onnx,"(640, 640)","[41, 68, 70, 74, 87, 95, 113, 144, 150, 158, 164, 165, 193, 205, 212, 224, 257, 298, 310, 335, 351, 354, 390, 393, 401, 403, 439, 442, 457, 466, 489, 510, 512, 514, 524, 530, 531, 543, 546, 554, 565, 573, 580, 588, 591]",0.05,0.25,"[0.7071, 1.0, 1.4142]","[0.485, 0.456, 0.406]","[0.229, 0.224, 0.225]",2.5,5,4.6,10.0,False,1e-08,75.48713229454185,97.05882352941175,84.04411764705881,78.45588235294116,58.68571475011939,95.71428571428572,81.80952380952382,77.19047619047619,30.34443151332889,64.28571428571429,53.42857142857142,44.14285714285715,70.89716404096073,92.64705882352942,81.98529411764704,77.61554621848738,54.9029703674371,90.0,75.52380952380955,72.57142857142858,26.46701493206844,65.71428571428571,46.71428571428571,39.836734693877546,
18,0.0,0.7,1,yolov8n-oiv7.pt,cvnet-sg-v18.onnx,pipeline-yolo-cvnet-sg-v18.onnx,"(640, 640)","[41, 68, 70, 74, 87, 95, 113, 144, 150, 158, 164, 165, 193, 205, 212, 224, 257, 298, 310, 335, 351, 354, 390, 393, 401, 403, 439, 442, 457, 466, 489, 510, 512, 514, 524, 530, 531, 543, 546, 554, 565, 573, 580, 588, 591]",0.05,0.25,"[0.7071, 1.0, 1.4142]","[0.485, 0.456, 0.406]","[0.229, 0.224, 0.225]",2.5,5,4.6,10.0,False,1e-08,75.48713229454185,97.05882352941175,84.04411764705881,78.45588235294116,58.68571475011939,95.71428571428572,81.80952380952382,77.19047619047619,30.34443151332889,64.28571428571429,53.42857142857142,44.14285714285715,72.80105594643832,94.11764705882352,82.86764705882352,79.2331932773109,56.55060185559321,91.42857142857144,76.95238095238098,73.90476190476193,28.365607425876338,68.57142857142857,49.28571428571428,41.42857142857142,
19,0.0,0.75,1,yolov8n-oiv7.pt,cvnet-sg-v19.onnx,pipeline-yolo-cvnet-sg-v19.onnx,"(640, 640)","[41, 68, 70, 74, 87, 95, 113, 144, 150, 158, 164, 165, 193, 205, 212, 224, 257, 298, 310, 335, 351, 354, 390, 393, 401, 403, 439, 442, 457, 466, 489, 510, 512, 514, 524, 530, 531, 543, 546, 554, 565, 573, 580, 588, 591]",0.05,0.25,"[0.7071, 1.0, 1.4142]","[0.485, 0.456, 0.406]","[0.229, 0.224, 0.225]",2.5,5,4.6,10.0,False,1e-08,75.48713229454185,97.05882352941175,84.04411764705881,78.45588235294116,58.68571475011939,95.71428571428572,81.80952380952382,77.19047619047619,30.34443151332889,64.28571428571429,53.42857142857142,44.14285714285715,73.79661937909432,94.11764705882352,83.16176470588233,79.71638655462182,57.46686337233408,91.42857142857144,77.42857142857143,75.23809523809526,30.30543745175148,68.57142857142857,51.5,43.658730158730165,
20,0.0,0.8,1,yolov8n-oiv7.pt,cvnet-sg-v20.onnx,pipeline-yolo-cvnet-sg-v20.onnx,"(640, 640)","[41, 68, 70, 74, 87, 95, 113, 144, 150, 158, 164, 165, 193, 205, 212, 224, 257, 298, 310, 335, 351, 354, 390, 393, 401, 403, 439, 442, 457, 466, 489, 510, 512, 514, 524, 530, 531, 543, 546, 554, 565, 573, 580, 588, 591]",0.05,0.25,"[0.7071, 1.0, 1.4142]","[0.485, 0.456, 0.406]","[0.229, 0.224, 0.225]",2.5,5,4.6,10.0,False,1e-08,75.48713229454185,97.05882352941175,84.04411764705881,78.45588235294116,58.68571475011939,95.71428571428572,81.80952380952382,77.19047619047619,30.34443151332889,64.28571428571429,53.42857142857142,44.14285714285715,74.33815926551992,94.11764705882352,83.45588235294117,79.82142857142856,58.34606205890118,92.85714285714286,80.00000000000001,76.28571428571429,32.03074050626733,70.0,54.92857142857142,45.642857142857146,
21,0.0,0.85,1,yolov8n-oiv7.pt,cvnet-sg-v21.onnx,pipeline-yolo-cvnet-sg-v21.onnx,"(640, 640)","[41, 68, 70, 74, 87, 95, 113, 144, 150, 158, 164, 165, 193, 205, 212, 224, 257, 298, 310, 335, 351, 354, 390, 393, 401, 403, 439, 442, 457, 466, 489, 510, 512, 514, 524, 530, 531, 543, 546, 554, 565, 573, 580, 588, 591]",0.05,0.25,"[0.7071, 1.0, 1.4142]","[0.485, 0.456, 0.406]","[0.229, 0.224, 0.225]",2.5,5,4.6,10.0,False,1e-08,75.48713229454185,97.05882352941175,84.04411764705881,78.45588235294116,58.68571475011939,95.71428571428572,81.80952380952382,77.19047619047619,30.34443151332889,64.28571428571429,53.42857142857142,44.14285714285715,75.17919934882718,95.58823529411764,84.26470588235293,80.58823529411764,57.91669382072215,92.85714285714286,80.42857142857144,75.93197278911565,30.25250726194123,64.28571428571429,51.61904761904762,44.14285714285714,
22,0.0,0.9,1,yolov8n-oiv7.pt,cvnet-sg-v22.onnx,pipeline-yolo-cvnet-sg-v22.onnx,"(640, 640)","[41, 68, 70, 74, 87, 95, 113, 144, 150, 158, 164, 165, 193, 205, 212, 224, 257, 298, 310, 335, 351, 354, 390, 393, 401, 403, 439, 442, 457, 466, 489, 510, 512, 514, 524, 530, 531, 543, 546, 554, 565, 573, 580, 588, 591]",0.05,0.25,"[0.7071, 1.0, 1.4142]","[0.485, 0.456, 0.406]","[0.229, 0.224, 0.225]",2.5,5,4.6,10.0,False,1e-08,75.48713229454185,97.05882352941175,84.04411764705881,78.45588235294116,58.68571475011939,95.71428571428572,81.80952380952382,77.19047619047619,30.34443151332889,64.28571428571429,53.42857142857142,44.14285714285715,75.8226381249434,97.05882352941175,84.63235294117646,80.22058823529412,59.48324882412971,95.71428571428572,83.0,78.04761904761905,33.00879157073746,70.0,53.33333333333332,46.61904761904762,
23,0.0,0.95,1,yolov8n-oiv7.pt,cvnet-sg-v23.onnx,pipeline-yolo-cvnet-sg-v23.onnx,"(640, 640)","[41, 68, 70, 74, 87, 95, 113, 144, 150, 158, 164, 165, 193, 205, 212, 224, 257, 298, 310, 335, 351, 354, 390, 393, 401, 403, 439, 442, 457, 466, 489, 510, 512, 514, 524, 530, 531, 543, 546, 554, 565, 573, 580, 588, 591]",0.05,0.25,"[0.7071, 1.0, 1.4142]","[0.485, 0.456, 0.406]","[0.229, 0.224, 0.225]",2.5,5,4.6,10.0,False,1e-08,75.48713229454185,97.05882352941175,84.04411764705881,78.45588235294116,58.68571475011939,95.71428571428572,81.80952380952382,77.19047619047619,30.34443151332889,64.28571428571429,53.42857142857142,44.14285714285715,75.41277770343964,97.05882352941175,83.8235294117647,78.23529411764706,57.82998305796965,95.71428571428572,79.71428571428574,75.57936507936509,29.445547611864843,64.28571428571429,50.0,43.38265306122449,
24,0.0,0.99,1,yolov8n-oiv7.pt,cvnet-sg-v24.onnx,pipeline-yolo-cvnet-sg-v24.onnx,"(640, 640)","[41, 68, 70, 74, 87, 95, 113, 144, 150, 158, 164, 165, 193, 205, 212, 224, 257, 298, 310, 335, 351, 354, 390, 393, 401, 403, 439, 442, 457, 466, 489, 510, 512, 514, 524, 530, 531, 543, 546, 554, 565, 573, 580, 588, 591]",0.05,0.25,"[0.7071, 1.0, 1.4142]","[0.485, 0.456, 0.406]","[0.229, 0.224, 0.225]",2.5,5,4.6,10.0,False,1e-08,75.48713229454185,97.05882352941175,84.04411764705881,78.45588235294116,58.68571475011939,95.71428571428572,81.80952380952382,77.19047619047619,30.34443151332889,64.28571428571429,53.42857142857142,44.14285714285715,75.51602515558147,97.05882352941175,84.04411764705881,78.60294117647058,58.67531026083937,95.71428571428572,81.80952380952382,77.19047619047619,30.279905486220915,64.28571428571429,53.99999999999999,43.85714285714288,
25,0.0,1.0,1,yolov8n-oiv7.pt,cvnet-sg-v25.onnx,pipeline-yolo-cvnet-sg-v25.onnx,"(640, 640)","[41, 68, 70, 74, 87, 95, 113, 144, 150, 158, 164, 165, 193, 205, 212, 224, 257, 298, 310, 335, 351, 354, 390, 393, 401, 403, 439, 442, 457, 466, 489, 510, 512, 514, 524, 530, 531, 543, 546, 554, 565, 573, 580, 588, 591]",0.05,0.25,"[0.7071, 1.0, 1.4142]","[0.485, 0.456, 0.406]","[0.229, 0.224, 0.225]",2.5,5,4.6,10.0,False,1e-08,75.48713229454185,97.05882352941175,84.04411764705881,78.45588235294116,58.68571475011939,95.71428571428572,81.80952380952382,77.19047619047619,30.34443151332889,64.28571428571429,53.42857142857142,44.14285714285715,75.48713229454185,97.05882352941175,84.04411764705881,78.45588235294116,58.68571475011939,95.71428571428572,81.80952380952382,77.19047619047619,30.34443151332889,64.28571428571429,53.42857142857142,44.14285714285715,
26,0.01,0.9,1,yolov8n-oiv7.pt,cvnet-sg-v26.onnx,pipeline-yolo-cvnet-sg-v26.onnx,"(640, 640)","[41, 68, 70, 74, 87, 95, 113, 144, 150, 158, 164, 165, 193, 205, 212, 224, 257, 298, 310, 335, 351, 354, 390, 393, 401, 403, 439, 442, 457, 466, 489, 510, 512, 514, 524, 530, 531, 543, 546, 554, 565, 573, 580, 588, 591]",0.05,0.25,"[0.7071, 1.0, 1.4142]","[0.485, 0.456, 0.406]","[0.229, 0.224, 0.225]",2.5,5,4.6,10.0,False,1e-08,75.48713229454185,97.05882352941175,84.04411764705881,78.45588235294116,58.68571475011939,95.71428571428572,81.80952380952382,77.19047619047619,30.34443151332889,64.28571428571429,53.42857142857142,44.14285714285715,75.81939537917731,97.05882352941175,84.63235294117646,80.22058823529412,59.48866907355357,95.71428571428572,83.0,78.04761904761905,33.017949521164105,70.0,53.33333333333332,46.61904761904762,
27,0.05,0.9,1,yolov8n-oiv7.pt,cvnet-sg-v27.onnx,pipeline-yolo-cvnet-sg-v27.onnx,"(640, 640)","[41, 68, 70, 74, 87, 95, 113, 144, 150, 158, 164, 165, 193, 205, 212, 224, 257, 298, 310, 335, 351, 354, 390, 393, 401, 403, 439, 442, 457, 466, 489, 510, 512, 514, 524, 530, 531, 543, 546, 554, 565, 573, 580, 588, 591]",0.05,0.25,"[0.7071, 1.0, 1.4142]","[0.485, 0.456, 0.406]","[0.229, 0.224, 0.225]",2.5,5,4.6,10.0,False,1e-08,75.48713229454185,97.05882352941175,84.04411764705881,78.45588235294116,58.68571475011939,95.71428571428572,81.80952380952382,77.19047619047619,30.34443151332889,64.28571428571429,53.42857142857142,44.14285714285715,75.86916500529279,97.05882352941175,84.63235294117646,80.22058823529412,59.50417694671876,95.71428571428572,83.0,78.04761904761905,33.015815857713534,70.0,53.33333333333332,46.61904761904762,
28,0.1,0.9,1,yolov8n-oiv7.pt,cvnet-sg-v28.onnx,pipeline-yolo-cvnet-sg-v28.onnx,"(640, 640)","[41, 68, 70, 74, 87, 95, 113, 144, 150, 158, 164, 165, 193, 205, 212, 224, 257, 298, 310, 335, 351, 354, 390, 393, 401, 403, 439, 442, 457, 466, 489, 510, 512, 514, 524, 530, 531, 543, 546, 554, 565, 573, 580, 588, 591]",0.05,0.25,"[0.7071, 1.0, 1.4142]","[0.485, 0.456, 0.406]","[0.229, 0.224, 0.225]",2.5,5,4.6,10.0,False,1e-08,75.48713229454185,97.05882352941175,84.04411764705881,78.45588235294116,58.68571475011939,95.71428571428572,81.80952380952382,77.19047619047619,30.34443151332889,64.28571428571429,53.42857142857142,44.14285714285715,75.86302729246208,97.05882352941175,84.63235294117646,80.22058823529412,59.5011206571056,95.71428571428572,83.0,78.04761904761905,33.01542382669447,70.0,53.33333333333332,46.61904761904762,
29,0.04,0.9,1,yolov8n-oiv7.pt,cvnet-sg-v29.onnx,pipeline-yolo-cvnet-sg-v29.onnx,"(640, 640)","[41, 68, 70, 74, 87, 95, 113, 144, 150, 158, 164, 165, 193, 205, 212, 224, 257, 298, 310, 335, 351, 354, 390, 393, 401, 403, 439, 442, 457, 466, 489, 510, 512, 514, 524, 530, 531, 543, 546, 554, 565, 573, 580, 588, 591]",0.05,0.25,"[0.7071, 1.0, 1.4142]","[0.485, 0.456, 0.406]","[0.229, 0.224, 0.225]",2.5,5,4.6,10.0,False,1e-08,75.48713229454185,97.05882352941175,84.04411764705881,78.45588235294116,58.68571475011939,95.71428571428572,81.80952380952382,77.19047619047619,30.34443151332889,64.28571428571429,53.42857142857142,44.14285714285715,75.86916470305331,97.05882352941175,84.63235294117646,80.22058823529412,59.50416616851739,95.71428571428572,83.0,78.04761904761905,33.015803123680186,70.0,53.33333333333332,46.61904761904762,
30,0.06,0.9,1,yolov8n-oiv7.pt,cvnet-sg-v30.onnx,pipeline-yolo-cvnet-sg-v30.onnx,"(640, 640)","[41, 68, 70, 74, 87, 95, 113, 144, 150, 158, 164, 165, 193, 205, 212, 224, 257, 298, 310, 335, 351, 354, 390, 393, 401, 403, 439, 442, 457, 466, 489, 510, 512, 514, 524, 530, 531, 543, 546, 554, 565, 573, 580, 588, 591]",0.05,0.25,"[0.7071, 1.0, 1.4142]","[0.485, 0.456, 0.406]","[0.229, 0.224, 0.225]",2.5,5,4.6,10.0,False,1e-08,75.48713229454185,97.05882352941175,84.04411764705881,78.45588235294116,58.68571475011939,95.71428571428572,81.80952380952382,77.19047619047619,30.34443151332889,64.28571428571429,53.42857142857142,44.14285714285715,75.86295782658533,97.05882352941175,84.63235294117646,80.22058823529412,59.50188649171712,95.71428571428572,83.0,78.04761904761905,33.01610614571795,70.0,53.33333333333332,46.61904761904762,
31,0.15,0.9,1,yolov8n-oiv7.pt,cvnet-sg-v31.onnx,pipeline-yolo-cvnet-sg-v31.onnx,"(640, 640)","[41, 68, 70, 74, 87, 95, 113, 144, 150, 158, 164, 165, 193, 205, 212, 224, 257, 298, 310, 335, 351, 354, 390, 393, 401, 403, 439, 442, 457, 466, 489, 510, 512, 514, 524, 530, 531, 543, 546, 554, 565, 573, 580, 588, 591]",0.05,0.25,"[0.7071, 1.0, 1.4142]","[0.485, 0.456, 0.406]","[0.229, 0.224, 0.225]",2.5,5,4.6,10.0,False,1e-08,75.48713229454185,97.05882352941175,84.04411764705881,78.45588235294116,58.68571475011939,95.71428571428572,81.80952380952382,77.19047619047619,30.34443151332889,64.28571428571429,53.42857142857142,44.14285714285715,75.90662696962103,97.05882352941175,84.63235294117646,80.36764705882354,59.53747824864403,95.71428571428572,83.0,78.1904761904762,33.038248216736704,70.0,53.33333333333332,46.61904761904762,
32,0.2,0.9,1,yolov8n-oiv7.pt,cvnet-sg-v32.onnx,pipeline-yolo-cvnet-sg-v32.onnx,"(640, 640)","[41, 68, 70, 74, 87, 95, 113, 144, 150, 158, 164, 165, 193, 205, 212, 224, 257, 298, 310, 335, 351, 354, 390, 393, 401, 403, 439, 442, 457, 466, 489, 510, 512, 514, 524, 530, 531, 543, 546, 554, 565, 573, 580, 588, 591]",0.05,0.25,"[0.7071, 1.0, 1.4142]","[0.485, 0.456, 0.406]","[0.229, 0.224, 0.225]",2.5,5,4.6,10.0,False,1e-08,75.48713229454185,97.05882352941175,84.04411764705881,78.45588235294116,58.68571475011939,95.71428571428572,81.80952380952382,77.19047619047619,30.34443151332889,64.28571428571429,53.42857142857142,44.14285714285715,75.88974955655536,97.05882352941175,84.63235294117646,80.36764705882354,59.5223199529395,95.71428571428572,83.0,78.04761904761905,33.046809720063,70.0,53.9047619047619,46.47619047619047,
33,0.125,0.9,1,yolov8n-oiv7.pt,cvnet-sg-v33.onnx,pipeline-yolo-cvnet-sg-v33.onnx,"(640, 640)","[41, 68, 70, 74, 87, 95, 113, 144, 150, 158, 164, 165, 193, 205, 212, 224, 257, 298, 310, 335, 351, 354, 390, 393, 401, 403, 439, 442, 457, 466, 489, 510, 512, 514, 524, 530, 531, 543, 546, 554, 565, 573, 580, 588, 591]",0.05,0.25,"[0.7071, 1.0, 1.4142]","[0.485, 0.456, 0.406]","[0.229, 0.224, 0.225]",2.5,5,4.6,10.0,False,1e-08,75.48713229454185,97.05882352941175,84.04411764705881,78.45588235294116,58.68571475011939,95.71428571428572,81.80952380952382,77.19047619047619,30.34443151332889,64.28571428571429,53.42857142857142,44.14285714285715,75.86804812453592,97.05882352941175,84.63235294117646,80.22058823529412,59.50903509246093,95.71428571428572,83.0,78.04761904761905,33.019708788871185,70.0,53.33333333333332,46.61904761904762,
34,0.175,0.9,1,yolov8n-oiv7.pt,cvnet-sg-v34.onnx,pipeline-yolo-cvnet-sg-v34.onnx,"(640, 640)","[41, 68, 70, 74, 87, 95, 113, 144, 150, 158, 164, 165, 193, 205, 212, 224, 257, 298, 310, 335, 351, 354, 390, 393, 401, 403, 439, 442, 457, 466, 489, 510, 512, 514, 524, 530, 531, 543, 546, 554, 565, 573, 580, 588, 591]",0.05,0.25,"[0.7071, 1.0, 1.4142]","[0.485, 0.456, 0.406]","[0.229, 0.224, 0.225]",2.5,5,4.6,10.0,False,1e-08,75.48713229454185,97.05882352941175,84.04411764705881,78.45588235294116,58.68571475011939,95.71428571428572,81.80952380952382,77.19047619047619,30.34443151332889,64.28571428571429,53.42857142857142,44.14285714285715,75.87662003404783,97.05882352941175,84.63235294117646,80.36764705882354,59.50808048347446,95.71428571428572,83.0,78.04761904761905,33.03897795492504,70.0,53.9047619047619,46.47619047619047,
35,0.3,0.9,1,yolov8n-oiv7.pt,cvnet-sg-v35.onnx,pipeline-yolo-cvnet-sg-v35.onnx,"(640, 640)","[41, 68, 70, 74, 87, 95, 113, 144, 150, 158, 164, 165, 193, 205, 212, 224, 257, 298, 310, 335, 351, 354, 390, 393, 401, 403, 439, 442, 457, 466, 489, 510, 512, 514, 524, 530, 531, 543, 546, 554, 565, 573, 580, 588, 591]",0.05,0.25,"[0.7071, 1.0, 1.4142]","[0.485, 0.456, 0.406]","[0.229, 0.224, 0.225]",2.5,5,4.6,10.0,False,1e-08,75.48713229454185,97.05882352941175,84.04411764705881,78.45588235294116,58.68571475011939,95.71428571428572,81.80952380952382,77.19047619047619,30.34443151332889,64.28571428571429,53.42857142857142,44.14285714285715,75.91678948217871,97.05882352941175,84.63235294117646,80.51470588235293,59.55759005390146,95.71428571428572,83.0,78.1904761904762,33.01774416254192,70.0,53.33333333333332,46.61904761904762,
36,0.25,0.9,1,yolov8n-oiv7.pt,cvnet-sg-v36.onnx,pipeline-yolo-cvnet-sg-v36.onnx,"(640, 640)","[41, 68, 70, 74, 87, 95, 113, 144, 150, 158, 164, 165, 193, 205, 212, 224, 257, 298, 310, 335, 351, 354, 390, 393, 401, 403, 439, 442, 457, 466, 489, 510, 512, 514, 524, 530, 531, 543, 546, 554, 565, 573, 580, 588, 591]",0.05,0.25,"[0.7071, 1.0, 1.4142]","[0.485, 0.456, 0.406]","[0.229, 0.224, 0.225]",2.5,5,4.6,10.0,False,1e-08,75.48713229454185,97.05882352941175,84.04411764705881,78.45588235294116,58.68571475011939,95.71428571428572,81.80952380952382,77.19047619047619,30.34443151332889,64.28571428571429,53.42857142857142,44.14285714285715,75.92692856404136,97.05882352941175,84.63235294117646,80.51470588235293,59.568662968344086,95.71428571428572,83.0,78.1904761904762,33.072454353941595,70.0,53.9047619047619,46.61904761904762,
37,0.075,0.9,1,yolov8n-oiv7.pt,cvnet-sg-v37.onnx,pipeline-yolo-cvnet-sg-v37.onnx,"(640, 640)","[41, 68, 70, 74, 87, 95, 113, 144, 150, 158, 164, 165, 193, 205, 212, 224, 257, 298, 310, 335, 351, 354, 390, 393, 401, 403, 439, 442, 457, 466, 489, 510, 512, 514, 524, 530, 531, 543, 546, 554, 565, 573, 580, 588, 591]",0.05,0.25,"[0.7071, 1.0, 1.4142]","[0.485, 0.456, 0.406]","[0.229, 0.224, 0.225]",2.5,5,4.6,10.0,False,1e-08,75.48713229454185,97.05882352941175,84.04411764705881,78.45588235294116,58.68571475011939,95.71428571428572,81.80952380952382,77.19047619047619,30.34443151332889,64.28571428571429,53.42857142857142,44.14285714285715,75.86302712709264,97.05882352941175,84.63235294117646,80.22058823529412,59.50096294721351,95.71428571428572,83.0,78.04761904761905,33.01524516131663,70.0,53.33333333333332,46.61904761904762,
38,0.4,0.9,1,yolov8n-oiv7.pt,cvnet-sg-v38.onnx,pipeline-yolo-cvnet-sg-v38.onnx,"(640, 640)","[41, 68, 70, 74, 87, 95, 113, 144, 150, 158, 164, 165, 193, 205, 212, 224, 257, 298, 310, 335, 351, 354, 390, 393, 401, 403, 439, 442, 457, 466, 489, 510, 512, 514, 524, 530, 531, 543, 546, 554, 565, 573, 580, 588, 591]",0.05,0.25,"[0.7071, 1.0, 1.4142]","[0.485, 0.456, 0.406]","[0.229, 0.224, 0.225]",2.5,5,4.6,10.0,False,1e-08,75.48713229454185,97.05882352941175,84.04411764705881,78.45588235294116,58.68571475011939,95.71428571428572,81.80952380952382,77.19047619047619,30.34443151332889,64.28571428571429,53.42857142857142,44.14285714285715,75.95011001802534,97.05882352941175,84.63235294117646,80.51470588235293,59.67626798517003,95.71428571428572,82.71428571428572,78.47619047619048,33.15242210629003,70.0,55.04761904761904,46.761904761904766,0.6552
39,0.45,0.9,1,yolov8n-oiv7.pt,cvnet-sg-v39.onnx,pipeline-yolo-cvnet-sg-v39.onnx,"(640, 640)","[41, 68, 70, 74, 87, 95, 113, 144, 150, 158, 164, 165, 193, 205, 212, 224, 257, 298, 310, 335, 351, 354, 390, 393, 401, 403, 439, 442, 457, 466, 489, 510, 512, 514, 524, 530, 531, 543, 546, 554, 565, 573, 580, 588, 591]",0.05,0.25,"[0.7071, 1.0, 1.4142]","[0.485, 0.456, 0.406]","[0.229, 0.224, 0.225]",2.5,5,4.6,10.0,False,1e-08,75.48713229454185,97.05882352941175,84.04411764705881,78.45588235294116,58.68571475011939,95.71428571428572,81.80952380952382,77.19047619047619,30.34443151332889,64.28571428571429,53.42857142857142,44.14285714285715,75.66206581078187,97.05882352941175,84.63235294117646,80.22058823529412,59.43347518155823,95.71428571428572,82.14285714285715,78.33333333333334,32.93344002575783,70.0,54.47619047619048,46.761904761904766,
40,0.5,0.9,1,yolov8n-oiv7.pt,cvnet-sg-v40.onnx,pipeline-yolo-cvnet-sg-v40.onnx,"(640, 640)","[41, 68, 70, 74, 87, 95, 113, 144, 150, 158, 164, 165, 193, 205, 212, 224, 257, 298, 310, 335, 351, 354, 390, 393, 401, 403, 439, 442, 457, 466, 489, 510, 512, 514, 524, 530, 531, 543, 546, 554, 565, 573, 580, 588, 591]",0.05,0.25,"[0.7071, 1.0, 1.4142]","[0.485, 0.456, 0.406]","[0.229, 0.224, 0.225]",2.5,5,4.6,10.0,False,1e-08,75.48713229454185,97.05882352941175,84.04411764705881,78.45588235294116,58.68571475011939,95.71428571428572,81.80952380952382,77.19047619047619,30.34443151332889,64.28571428571429,53.42857142857142,44.14285714285715,75.81109361803294,97.05882352941175,84.63235294117646,80.22058823529412,59.41177184666972,95.71428571428572,82.14285714285715,78.19047619047619,32.87100740226145,68.57142857142857,54.47619047619048,46.761904761904766,
41,0.35,0.9,1,yolov8n-oiv7.pt,cvnet-sg-v41.onnx,pipeline-yolo-cvnet-sg-v41.onnx,"(640, 640)","[41, 68, 70, 74, 87, 95, 113, 144, 150, 158, 164, 165, 193, 205, 212, 224, 257, 298, 310, 335, 351, 354, 390, 393, 401, 403, 439, 442, 457, 466, 489, 510, 512, 514, 524, 530, 531, 543, 546, 554, 565, 573, 580, 588, 591]",0.05,0.25,"[0.7071, 1.0, 1.4142]","[0.485, 0.456, 0.406]","[0.229, 0.224, 0.225]",2.5,5,4.6,10.0,False,1e-08,75.48713229454185,97.05882352941175,84.04411764705881,78.45588235294116,58.68571475011939,95.71428571428572,81.80952380952382,77.19047619047619,30.34443151332889,64.28571428571429,53.42857142857142,44.14285714285715,75.76717046090768,97.05882352941175,84.63235294117646,80.51470588235293,59.49278277634384,95.71428571428572,82.71428571428572,78.04761904761905,33.02241667887561,70.0,53.61904761904761,46.61904761904762,
42,0.37,0.9,1,yolov8n-oiv7.pt,cvnet-sg-v42.onnx,pipeline-yolo-cvnet-sg-v42.onnx,"(640, 640)","[41, 68, 70, 74, 87, 95, 113, 144, 150, 158, 164, 165, 193, 205, 212, 224, 257, 298, 310, 335, 351, 354, 390, 393, 401, 403, 439, 442, 457, 466, 489, 510, 512, 514, 524, 530, 531, 543, 546, 554, 565, 573, 580, 588, 591]",0.05,0.25,"[0.7071, 1.0, 1.4142]","[0.485, 0.456, 0.406]","[0.229, 0.224, 0.225]",2.5,5,4.6,10.0,False,1e-08,75.48713229454185,97.05882352941175,84.04411764705881,78.45588235294116,58.68571475011939,95.71428571428572,81.80952380952382,77.19047619047619,30.34443151332889,64.28571428571429,53.42857142857142,44.14285714285715,75.86905680064974,97.05882352941175,84.63235294117646,80.51470588235293,59.57690225654989,95.71428571428572,82.71428571428572,78.19047619047619,33.06921292031952,70.0,53.9047619047619,46.761904761904766,
43,0.43,0.9,1,yolov8n-oiv7.pt,cvnet-sg-v43.onnx,pipeline-yolo-cvnet-sg-v43.onnx,"(640, 640)","[41, 68, 70, 74, 87, 95, 113, 144, 150, 158, 164, 165, 193, 205, 212, 224, 257, 298, 310, 335, 351, 354, 390, 393, 401, 403, 439, 442, 457, 466, 489, 510, 512, 514, 524, 530, 531, 543, 546, 554, 565, 573, 580, 588, 591]",0.05,0.25,"[0.7071, 1.0, 1.4142]","[0.485, 0.456, 0.406]","[0.229, 0.224, 0.225]",2.5,5,4.6,10.0,False,1e-08,75.48713229454185,97.05882352941175,84.04411764705881,78.45588235294116,58.68571475011939,95.71428571428572,81.80952380952382,77.19047619047619,30.34443151332889,64.28571428571429,53.42857142857142,44.14285714285715,75.97414729785568,97.05882352941175,84.63235294117646,80.51470588235293,59.498309072914026,95.71428571428572,82.14285714285715,78.33333333333334,32.914432279230375,70.0,54.47619047619048,46.47619047619047,
44,0.4,0.9,1,yolov8n-oiv7.pt,cvnet-sg-v44.onnx,pipeline-yolo-cvnet-sg-v44.onnx,"(640, 640)","[41, 68, 70, 74, 87, 95, 113, 144, 150, 158, 164, 165, 193, 205, 212, 224, 257, 298, 310, 335, 351, 354, 390, 393, 401, 403, 439, 442, 457, 466, 489, 510, 512, 514, 524, 530, 531, 543, 546, 554, 565, 573, 580, 588, 591]",0.1,0.25,"[0.7071, 1.0, 1.4142]","[0.485, 0.456, 0.406]","[0.229, 0.224, 0.225]",2.5,5,4.6,10.0,False,1e-08,75.48713229454185,97.05882352941175,84.04411764705881,78.45588235294116,58.68571475011939,95.71428571428572,81.80952380952382,77.19047619047619,30.34443151332889,64.28571428571429,53.42857142857142,44.14285714285715,75.95661779057646,97.05882352941175,84.63235294117646,80.51470588235293,59.66133385406066,95.71428571428572,82.71428571428572,78.47619047619048,33.10868384285497,70.0,55.04761904761904,46.761904761904766,0.6556
45,0.4,0.9,1,yolov8n-oiv7.pt,cvnet-sg-v45.onnx,pipeline-yolo-cvnet-sg-v45.onnx,"(640, 640)","[41, 68, 70, 74, 87, 95, 113, 144, 150, 158, 164, 165, 193, 205, 212, 224, 257, 298, 310, 335, 351, 354, 390, 393, 401, 403, 439, 442, 457, 466, 489, 510, 512, 514, 524, 530, 531, 543, 546, 554, 565, 573, 580, 588, 591]",0.2,0.25,"[0.7071, 1.0, 1.4142]","[0.485, 0.456, 0.406]","[0.229, 0.224, 0.225]",2.5,5,4.6,10.0,False,1e-08,75.48713229454185,97.05882352941175,84.04411764705881,78.45588235294116,58.68571475011939,95.71428571428572,81.80952380952382,77.19047619047619,30.34443151332889,64.28571428571429,53.42857142857142,44.14285714285715,75.2422102060686,97.05882352941175,83.23529411764706,78.52941176470588,59.6088575386304,95.71428571428572,83.0,78.90476190476191,32.85539586940079,68.57142857142857,54.76190476190476,46.761904761904766,0.5044
46,0.4,0.9,1,yolov8n-oiv7.pt,cvnet-sg-v46.onnx,pipeline-yolo-cvnet-sg-v46.onnx,"(640, 640)","[41, 68, 70, 74, 87, 95, 113, 144, 150, 158, 164, 165, 193, 205, 212, 224, 257, 298, 310, 335, 351, 354, 390, 393, 401, 403, 439, 442, 457, 466, 489, 510, 512, 514, 524, 530, 531, 543, 546, 554, 565, 573, 580, 588, 591]",0.3,0.25,"[0.7071, 1.0, 1.4142]","[0.485, 0.456, 0.406]","[0.229, 0.224, 0.225]",2.5,5,4.6,10.0,False,1e-08,75.48713229454185,97.05882352941175,84.04411764705881,78.45588235294116,58.68571475011939,95.71428571428572,81.80952380952382,77.19047619047619,30.34443151332889,64.28571428571429,53.42857142857142,44.14285714285715,75.32554109225018,97.05882352941175,83.52941176470587,78.38235294117646,59.459896746833074,95.71428571428572,83.0,78.61904761904762,32.33154216936101,67.14285714285714,53.9047619047619,45.90476190476191,0.4644
47,0.4,0.9,1,yolov8n-oiv7.pt,cvnet-sg-v47.onnx,pipeline-yolo-cvnet-sg-v47.onnx,"(640, 640)","[41, 68, 70, 74, 87, 95, 113, 144, 150, 158, 164, 165, 193, 205, 212, 224, 257, 298, 310, 335, 351, 354, 390, 393, 401, 403, 439, 442, 457, 466, 489, 510, 512, 514, 524, 530, 531, 543, 546, 554, 565, 573, 580, 588, 591]",0.15,0.25,"[0.7071, 1.0, 1.4142]","[0.485, 0.456, 0.406]","[0.229, 0.224, 0.225]",2.5,5,4.6,10.0,False,1e-08,75.48713229454185,97.05882352941175,84.04411764705881,78.45588235294116,58.68571475011939,95.71428571428572,81.80952380952382,77.19047619047619,30.34443151332889,64.28571428571429,53.42857142857142,44.14285714285715,75.21726926697588,97.05882352941175,83.23529411764706,78.52941176470588,59.63375668641415,95.71428571428572,83.0,78.90476190476191,32.92288216756151,68.57142857142857,54.76190476190476,46.761904761904766,0.5284
48,0.4,0.9,1,yolov8n-oiv7.pt,cvnet-sg-v48.onnx,pipeline-yolo-cvnet-sg-v48.onnx,"(640, 640)","[41, 68, 70, 74, 87, 95, 113, 144, 150, 158, 164, 165, 193, 205, 212, 224, 257, 298, 310, 335, 351, 354, 390, 393, 401, 403, 439, 442, 457, 466, 489, 510, 512, 514, 524, 530, 531, 543, 546, 554, 565, 573, 580, 588, 591]",0.25,0.25,"[0.7071, 1.0, 1.4142]","[0.485, 0.456, 0.406]","[0.229, 0.224, 0.225]",2.5,5,4.6,10.0,False,1e-08,75.48713229454185,97.05882352941175,84.04411764705881,78.45588235294116,58.68571475011939,95.71428571428572,81.80952380952382,77.19047619047619,30.34443151332889,64.28571428571429,53.42857142857142,44.14285714285715,75.29702312033024,97.05882352941175,83.52941176470587,78.52941176470588,59.4778102578769,95.71428571428572,83.0,78.90476190476191,32.59623594658937,68.57142857142857,53.9047619047619,46.04761904761905,0.4899
49,0.4,0.9,1,yolov8n-oiv7.pt,cvnet-sg-v49.onnx,pipeline-yolo-cvnet-sg-v49.onnx,"(640, 640)","[41, 68, 70, 74, 87, 95, 113, 144, 150, 158, 164, 165, 193, 205, 212, 224, 257, 298, 310, 335, 351, 354, 390, 393, 401, 403, 439, 442, 457, 466, 489, 510, 512, 514, 524, 530, 531, 543, 546, 554, 565, 573, 580, 588, 591]",0.03,0.25,"[0.7071, 1.0, 1.4142]","[0.485, 0.456, 0.406]","[0.229, 0.224, 0.225]",2.5,5,4.6,10.0,False,1e-08,75.48713229454185,97.05882352941175,84.04411764705881,78.45588235294116,58.68571475011939,95.71428571428572,81.80952380952382,77.19047619047619,30.34443151332889,64.28571428571429,53.42857142857142,44.14285714285715,75.97595709875601,97.05882352941175,84.63235294117646,80.51470588235293,59.7054893900501,95.71428571428572,82.71428571428572,78.47619047619048,33.22610741976348,70.0,55.04761904761904,46.90476190476191,0.7618
50,0.4,0.9,1,yolov8n-oiv7.pt,cvnet-sg-v50.onnx,pipeline-yolo-cvnet-sg-v50.onnx,"(640, 640)","[41, 68, 70, 74, 87, 95, 113, 144, 150, 158, 164, 165, 193, 205, 212, 224, 257, 298, 310, 335, 351, 354, 390, 393, 401, 403, 439, 442, 457, 466, 489, 510, 512, 514, 524, 530, 531, 543, 546, 554, 565, 573, 580, 588, 591]",0.01,0.25,"[0.7071, 1.0, 1.4142]","[0.485, 0.456, 0.406]","[0.229, 0.224, 0.225]",2.5,5,4.6,10.0,False,1e-08,75.48713229454185,97.05882352941175,84.04411764705881,78.45588235294116,58.68571475011939,95.71428571428572,81.80952380952382,77.19047619047619,30.34443151332889,64.28571428571429,53.42857142857142,44.14285714285715,76.00559799103844,97.05882352941175,84.63235294117646,80.51470588235293,59.70147656782441,95.71428571428572,82.71428571428572,78.47619047619048,33.27184634884537,71.42857142857143,55.33333333333332,47.333333333333336,0.983
51,0.4,0.9,1,yolov8n-oiv7.pt,cvnet-sg-v51.onnx,pipeline-yolo-cvnet-sg-v51.onnx,"(640, 640)","[41, 68, 70, 74, 87, 95, 113, 144, 150, 158, 164, 165, 193, 205, 212, 224, 257, 298, 310, 335, 351, 354, 390, 393, 401, 403, 439, 442, 457, 466, 489, 510, 512, 514, 524, 530, 531, 543, 546, 554, 565, 573, 580, 588, 591]",0.05,0.1,"[0.7071, 1.0, 1.4142]","[0.485, 0.456, 0.406]","[0.229, 0.224, 0.225]",2.5,5,4.6,10.0,False,1e-08,75.48713229454185,97.05882352941175,84.04411764705881,78.45588235294116,58.68571475011939,95.71428571428572,81.80952380952382,77.19047619047619,30.34443151332889,64.28571428571429,53.42857142857142,44.14285714285715,75.38234446369219,97.05882352941175,83.74999999999999,78.75,59.47942201098857,95.71428571428572,82.71428571428572,78.76190476190476,32.61943696255338,68.57142857142857,54.19047619047619,46.47619047619047,0.5655
52,0.4,0.9,1,yolov8n-oiv7.pt,cvnet-sg-v52.onnx,pipeline-yolo-cvnet-sg-v52.onnx,"(640, 640)","[41, 68, 70, 74, 87, 95, 113, 144, 150, 158, 164, 165, 193, 205, 212, 224, 257, 298, 310, 335, 351, 354, 390, 393, 401, 403, 439, 442, 457, 466, 489, 510, 512, 514, 524, 530, 531, 543, 546, 554, 565, 573, 580, 588, 591]",0.05,0.2,"[0.7071, 1.0, 1.4142]","[0.485, 0.456, 0.406]","[0.229, 0.224, 0.225]",2.5,5,4.6,10.0,False,1e-08,75.48713229454185,97.05882352941175,84.04411764705881,78.45588235294116,58.68571475011939,95.71428571428572,81.80952380952382,77.19047619047619,30.34443151332889,64.28571428571429,53.42857142857142,44.14285714285715,75.97647389588141,97.05882352941175,84.63235294117646,80.51470588235293,59.66401774253609,95.71428571428572,83.0,78.61904761904762,33.12316324330944,70.0,55.04761904761904,46.61904761904763,0.6474
53,0.4,0.9,1,yolov8n-oiv7.pt,cvnet-sg-v53.onnx,pipeline-yolo-cvnet-sg-v53.onnx,"(640, 640)","[41, 68, 70, 74, 87, 95, 113, 144, 150, 158, 164, 165, 193, 205, 212, 224, 257, 298, 310, 335, 351, 354, 390, 393, 401, 403, 439, 442, 457, 466, 489, 510, 512, 514, 524, 530, 531, 543, 546, 554, 565, 573, 580, 588, 591]",0.05,0.3,"[0.7071, 1.0, 1.4142]","[0.485, 0.456, 0.406]","[0.229, 0.224, 0.225]",2.5,5,4.6,10.0,False,1e-08,75.48713229454185,97.05882352941175,84.04411764705881,78.45588235294116,58.68571475011939,95.71428571428572,81.80952380952382,77.19047619047619,30.34443151332889,64.28571428571429,53.42857142857142,44.14285714285715,75.85427873607624,95.58823529411764,84.63235294117646,80.36764705882352,59.62555562261497,94.28571428571428,82.71428571428572,78.47619047619048,33.19578235201266,71.42857142857143,55.04761904761904,46.90476190476191,0.7018
54,0.4,0.9,1,yolov8n-oiv7.pt,cvnet-sg-v54.onnx,pipeline-yolo-cvnet-sg-v54.onnx,"(640, 640)","[41, 68, 70, 74, 87, 95, 113, 144, 150, 158, 164, 165, 193, 205, 212, 224, 257, 298, 310, 335, 351, 354, 390, 393, 401, 403, 439, 442, 457, 466, 489, 510, 512, 514, 524, 530, 531, 543, 546, 554, 565, 573, 580, 588, 591]",0.05,0.4,"[0.7071, 1.0, 1.4142]","[0.485, 0.456, 0.406]","[0.229, 0.224, 0.225]",2.5,5,4.6,10.0,False,1e-08,75.48713229454185,97.05882352941175,84.04411764705881,78.45588235294116,58.68571475011939,95.71428571428572,81.80952380952382,77.19047619047619,30.34443151332889,64.28571428571429,53.42857142857142,44.14285714285715,76.01266740115021,95.58823529411764,85.22058823529412,81.10294117647058,60.02283838292298,94.28571428571428,83.28571428571429,79.1904761904762,33.49328016029731,71.42857142857143,55.333333333333336,46.9047619047619,0.7638
55,0.4,0.9,1,yolov8n-oiv7.pt,cvnet-sg-v55.onnx,pipeline-yolo-cvnet-sg-v55.onnx,"(640, 640)","[41, 68, 70, 74, 87, 95, 113, 144, 150, 158, 164, 165, 193, 205, 212, 224, 257, 298, 310, 335, 351, 354, 390, 393, 401, 403, 439, 442, 457, 466, 489, 510, 512, 514, 524, 530, 531, 543, 546, 554, 565, 573, 580, 588, 591]",0.05,0.5,"[0.7071, 1.0, 1.4142]","[0.485, 0.456, 0.406]","[0.229, 0.224, 0.225]",2.5,5,4.6,10.0,False,1e-08,75.48713229454185,97.05882352941175,84.04411764705881,78.45588235294116,58.68571475011939,95.71428571428572,81.80952380952382,77.19047619047619,30.34443151332889,64.28571428571429,53.42857142857142,44.14285714285715,76.03858669557434,95.58823529411764,85.22058823529412,80.95588235294117,59.86415786296948,94.28571428571428,83.57142857142858,78.90476190476191,33.37079047312058,71.42857142857143,55.61904761904762,47.19047619047619,0.8489
56,0.4,0.9,1,yolov8n-oiv7.pt,cvnet-sg-v56.onnx,pipeline-yolo-cvnet-sg-v56.onnx,"(640, 640)","[41, 68, 70, 74, 87, 95, 113, 144, 150, 158, 164, 165, 193, 205, 212, 224, 257, 298, 310, 335, 351, 354, 390, 393, 401, 403, 439, 442, 457, 466, 489, 510, 512, 514, 524, 530, 531, 543, 546, 554, 565, 573, 580, 588, 591]",0.05,0.6,"[0.7071, 1.0, 1.4142]","[0.485, 0.456, 0.406]","[0.229, 0.224, 0.225]",2.5,5,4.6,10.0,False,1e-08,75.48713229454185,97.05882352941175,84.04411764705881,78.45588235294116,58.68571475011939,95.71428571428572,81.80952380952382,77.19047619047619,30.34443151332889,64.28571428571429,53.42857142857142,44.14285714285715,76.62647647405996,95.58823529411764,85.80882352941175,81.54411764705883,60.471908381809655,94.28571428571428,83.85714285714288,79.55102040816327,33.82787555568727,71.42857142857143,55.90476190476189,47.85714285714286,0.9257
57,0.4,0.9,1,yolov8n-oiv7.pt,cvnet-sg-v57.onnx,pipeline-yolo-cvnet-sg-v57.onnx,"(640, 640)","[41, 68, 70, 74, 87, 95, 113, 144, 150, 158, 164, 165, 193, 205, 212, 224, 257, 298, 310, 335, 351, 354, 390, 393, 401, 403, 439, 442, 457, 466, 489, 510, 512, 514, 524, 530, 531, 543, 546, 554, 565, 573, 580, 588, 591]",0.05,0.7,"[0.7071, 1.0, 1.4142]","[0.485, 0.456, 0.406]","[0.229, 0.224, 0.225]",2.5,5,4.6,10.0,False,1e-08,75.48713229454185,97.05882352941175,84.04411764705881,78.45588235294116,58.68571475011939,95.71428571428572,81.80952380952382,77.19047619047619,30.34443151332889,64.28571428571429,53.42857142857142,44.14285714285715,76.74721455175589,95.58823529411764,85.51470588235293,81.54411764705883,60.348953302269535,94.28571428571428,82.80952380952382,78.73809523809523,33.00286171510026,70.0,55.76190476190476,47.39455782312925,1.0174
58,0.4,0.9,1,yolov8n-oiv7.pt,cvnet-sg-v58.onnx,pipeline-yolo-cvnet-sg-v58.onnx,"(640, 640)","[41, 68, 70, 74, 87, 95, 113, 144, 150, 158, 164, 165, 193, 205, 212, 224, 257, 298, 310, 335, 351, 354, 390, 393, 401, 403, 439, 442, 457, 466, 489, 510, 512, 514, 524, 530, 531, 543, 546, 554, 565, 573, 580, 588, 591]",0.05,0.8,"[0.7071, 1.0, 1.4142]","[0.485, 0.456, 0.406]","[0.229, 0.224, 0.225]",2.5,5,4.6,10.0,False,1e-08,75.48713229454185,97.05882352941175,84.04411764705881,78.45588235294116,58.68571475011939,95.71428571428572,81.80952380952382,77.19047619047619,30.34443151332889,64.28571428571429,53.42857142857142,44.14285714285715,76.81966657948544,95.58823529411764,85.80882352941175,81.69117647058822,61.18869013388031,94.28571428571428,84.28571428571429,80.28571428571429,34.64635442365182,71.42857142857143,57.52380952380951,49.52380952380953,1.1315
59,0.4,0.9,1,yolov8n-oiv7.pt,cvnet-sg-v59.onnx,pipeline-yolo-cvnet-sg-v59.onnx,"(640, 640)","[41, 68, 70, 74, 87, 95, 113, 144, 150, 158, 164, 165, 193, 205, 212, 224, 257, 298, 310, 335, 351, 354, 390, 393, 401, 403, 439, 442, 457, 466, 489, 510, 512, 514, 524, 530, 531, 543, 546, 554, 565, 573, 580, 588, 591]",0.05,0.9,"[0.7071, 1.0, 1.4142]","[0.485, 0.456, 0.406]","[0.229, 0.224, 0.225]",2.5,5,4.6,10.0,False,1e-08,75.48713229454185,97.05882352941175,84.04411764705881,78.45588235294116,58.68571475011939,95.71428571428572,81.80952380952382,77.19047619047619,30.34443151332889,64.28571428571429,53.42857142857142,44.14285714285715,76.69635354962614,95.58823529411764,86.10294117647057,81.54411764705881,60.61500785753833,94.28571428571428,83.66666666666667,79.8412698412698,33.287229031822186,71.42857142857143,56.04761904761904,47.79761904761906,1.5018
60,0.4,0.9,1,yolov8n-oiv7.pt,cvnet-sg-v60.onnx,pipeline-yolo-cvnet-sg-v60.onnx,"(640, 640)","[41, 68, 70, 74, 87, 95, 113, 144, 150, 158, 164, 165, 193, 205, 212, 224, 257, 298, 310, 335, 351, 354, 390, 393, 401, 403, 439, 442, 457, 466, 489, 510, 512, 514, 524, 530, 531, 543, 546, 554, 565, 573, 580, 588, 591]",0.05,0.5,"[0.7071, 1.0, 1.4142]","[0.485, 0.456, 0.406]","[0.229, 0.224, 0.225]",2.5,5,4.6,10.0,False,1e-08,75.48713229454185,97.05882352941175,84.04411764705881,78.45588235294116,58.68571475011939,95.71428571428572,81.80952380952382,77.19047619047619,30.34443151332889,64.28571428571429,53.42857142857142,44.14285714285715,76.03858669557434,95.58823529411764,85.22058823529412,80.95588235294117,59.86415786296948,94.28571428571428,83.57142857142858,78.90476190476191,33.37079047312058,71.42857142857143,55.61904761904762,47.19047619047619,
61,0.4,0.9,1,yolov8n-oiv7.pt,cvnet-sg-v61.onnx,pipeline-yolo-cvnet-sg-v61.onnx,"(640, 640)","[41, 68, 70, 74, 87, 95, 113, 144, 150, 158, 164, 165, 193, 205, 212, 224, 257, 298, 310, 335, 351, 354, 390, 393, 401, 403, 439, 442, 457, 466, 489, 510, 512, 514, 524, 530, 531, 543, 546, 554, 565, 573, 580, 588, 591]",0.05,0.1,"[0.7071, 1.0, 1.4142]","[0.485, 0.456, 0.406]","[0.229, 0.224, 0.225]",2.5,5,4.6,10.0,False,1e-08,88.18908303922234,97.14285714285714,94.95238095238098,93.38095238095238,76.66826525087322,98.57142857142858,97.71428571428572,97.28571428571428,55.086748240091154,92.85714285714286,92.0,89.42857142857143,88.40796735678379,98.57142857142858,95.71428571428572,93.28571428571428,76.61855230801731,100.0,98.0,96.85714285714288,55.29727776944703,94.28571428571428,93.14285714285715,89.57142857142857,
62,0.4,0.9,1,yolov8n-oiv7.pt,cvnet-sg-v62.onnx,pipeline-yolo-cvnet-sg-v62.onnx,"(640, 640)","[41, 68, 70, 74, 87, 95, 113, 144, 150, 158, 164, 165, 193, 205, 212, 224, 257, 298, 310, 335, 351, 354, 390, 393, 401, 403, 439, 442, 457, 466, 489, 510, 512, 514, 524, 530, 531, 543, 546, 554, 565, 573, 580, 588, 591]",0.05,0.2,"[0.7071, 1.0, 1.4142]","[0.485, 0.456, 0.406]","[0.229, 0.224, 0.225]",2.5,5,4.6,10.0,False,1e-08,88.18908303922234,97.14285714285714,94.95238095238098,93.38095238095238,76.66826525087322,98.57142857142858,97.71428571428572,97.28571428571428,55.086748240091154,92.85714285714286,92.0,89.42857142857143,88.58320405404345,98.57142857142858,95.71428571428572,93.28571428571428,76.68489130899891,100.0,98.0,97.0,55.294202641451626,94.28571428571428,93.14285714285715,89.85714285714285,
63,0.4,0.9,1,yolov8n-oiv7.pt,cvnet-sg-v63.onnx,pipeline-yolo-cvnet-sg-v63.onnx,"(640, 640)","[41, 68, 70, 74, 87, 95, 113, 144, 150, 158, 164, 165, 193, 205, 212, 224, 257, 298, 310, 335, 351, 354, 390, 393, 401, 403, 439, 442, 457, 466, 489, 510, 512, 514, 524, 530, 531, 543, 546, 554, 565, 573, 580, 588, 591]",0.05,0.25,"[0.7071, 1.0, 1.4142]","[0.485, 0.456, 0.406]","[0.229, 0.224, 0.225]",2.5,5,4.6,10.0,False,1e-08,88.18908303922234,97.14285714285714,94.95238095238098,93.38095238095238,76.66826525087322,98.57142857142858,97.71428571428572,97.28571428571428,55.086748240091154,92.85714285714286,92.0,89.42857142857143,88.5276265471159,98.57142857142858,95.71428571428572,93.28571428571428,76.63457438930912,100.0,98.0,96.85714285714285,55.17868660832033,94.28571428571428,92.57142857142858,89.57142857142857,
64,0.4,0.9,1,yolov8n-oiv7.pt,cvnet-sg-v64.onnx,pipeline-yolo-cvnet-sg-v64.onnx,"(640, 640)","[41, 68, 70, 74, 87, 95, 113, 144, 150, 158, 164, 165, 193, 205, 212, 224, 257, 298, 310, 335, 351, 354, 390, 393, 401, 403, 439, 442, 457, 466, 489, 510, 512, 514, 524, 530, 531, 543, 546, 554, 565, 573, 580, 588, 591]",0.05,0.3,"[0.7071, 1.0, 1.4142]","[0.485, 0.456, 0.406]","[0.229, 0.224, 0.225]",2.5,5,4.6,10.0,False,1e-08,88.18908303922234,97.14285714285714,94.95238095238098,93.38095238095238,76.66826525087322,98.57142857142858,97.71428571428572,97.28571428571428,55.086748240091154,92.85714285714286,92.0,89.42857142857143,88.59423067112864,98.57142857142858,95.42857142857144,93.28571428571428,76.70295941778522,100.0,98.0,96.85714285714285,55.298500089899285,94.28571428571428,92.57142857142858,89.71428571428571,
65,0.4,0.9,1,yolov8n-oiv7.pt,cvnet-sg-v65.onnx,pipeline-yolo-cvnet-sg-v65.onnx,"(640, 640)","[41, 68, 70, 74, 87, 95, 113, 144, 150, 158, 164, 165, 193, 205, 212, 224, 257, 298, 310, 335, 351, 354, 390, 393, 401, 403, 439, 442, 457, 466, 489, 510, 512, 514, 524, 530, 531, 543, 546, 554, 565, 573, 580, 588, 591]",0.05,0.4,"[0.7071, 1.0, 1.4142]","[0.485, 0.456, 0.406]","[0.229, 0.224, 0.225]",2.5,5,4.6,10.0,False,1e-08,88.18908303922234,97.14285714285714,94.95238095238098,93.38095238095238,76.66826525087322,98.57142857142858,97.71428571428572,97.28571428571428,55.086748240091154,92.85714285714286,92.0,89.42857142857143,88.55982698313798,98.57142857142858,95.71428571428572,93.42857142857144,76.75742255528637,100.0,98.0,96.85714285714285,55.38906764079808,94.28571428571428,92.57142857142858,89.99999999999997,
66,0.4,0.9,1,yolov8n-oiv7.pt,cvnet-sg-v66.onnx,pipeline-yolo-cvnet-sg-v66.onnx,"(640, 640)","[41, 68, 70, 74, 87, 95, 113, 144, 150, 158, 164, 165, 193, 205, 212, 224, 257, 298, 310, 335, 351, 354, 390, 393, 401, 403, 439, 442, 457, 466, 489, 510, 512, 514, 524, 530, 531, 543, 546, 554, 565, 573, 580, 588, 591]",0.05,0.5,"[0.7071, 1.0, 1.4142]","[0.485, 0.456, 0.406]","[0.229, 0.224, 0.225]",2.5,5,4.6,10.0,False,1e-08,88.18908303922234,97.14285714285714,94.95238095238098,93.38095238095238,76.66826525087322,98.57142857142858,97.71428571428572,97.28571428571428,55.086748240091154,92.85714285714286,92.0,89.42857142857143,88.71534635192614,98.57142857142858,96.0,93.57142857142856,76.78089635085475,100.0,98.28571428571426,97.14285714285714,55.50880807996384,92.85714285714286,92.57142857142858,90.28571428571426,
67,0.4,0.9,1,yolov8n-oiv7.pt,cvnet-sg-v67.onnx,pipeline-yolo-cvnet-sg-v67.onnx,"(640, 640)","[41, 68, 70, 74, 87, 95, 113, 144, 150, 158, 164, 165, 193, 205, 212, 224, 257, 298, 310, 335, 351, 354, 390, 393, 401, 403, 439, 442, 457, 466, 489, 510, 512, 514, 524, 530, 531, 543, 546, 554, 565, 573, 580, 588, 591]",0.05,0.6,"[0.7071, 1.0, 1.4142]","[0.485, 0.456, 0.406]","[0.229, 0.224, 0.225]",2.5,5,4.6,10.0,False,1e-08,88.18908303922234,97.14285714285714,94.95238095238098,93.38095238095238,76.66826525087322,98.57142857142858,97.71428571428572,97.28571428571428,55.086748240091154,92.85714285714286,92.0,89.42857142857143,88.80394243543908,98.57142857142858,95.7142857142857,93.42857142857144,76.85922302247253,100.0,98.28571428571426,97.14285714285714,55.57944416216996,92.85714285714286,92.28571428571428,90.28571428571426,
68,0.4,0.9,1,yolov8n-oiv7.pt,cvnet-sg-v68.onnx,pipeline-yolo-cvnet-sg-v68.onnx,"(640, 640)","[41, 68, 70, 74, 87, 95, 113, 144, 150, 158, 164, 165, 193, 205, 212, 224, 257, 298, 310, 335, 351, 354, 390, 393, 401, 403, 439, 442, 457, 466, 489, 510, 512, 514, 524, 530, 531, 543, 546, 554, 565, 573, 580, 588, 591]",0.05,0.7,"[0.7071, 1.0, 1.4142]","[0.485, 0.456, 0.406]","[0.229, 0.224, 0.225]",2.5,5,4.6,10.0,False,1e-08,88.18908303922234,97.14285714285714,94.95238095238098,93.38095238095238,76.66826525087322,98.57142857142858,97.71428571428572,97.28571428571428,55.086748240091154,92.85714285714286,92.0,89.42857142857143,88.95131974176499,98.57142857142858,95.7142857142857,93.5714285714286,76.91706611437846,100.0,98.28571428571426,97.28571428571428,55.554572102517,94.28571428571428,92.85714285714288,90.14285714285712,
69,0.4,0.9,1,yolov8n-oiv7.pt,cvnet-sg-v69.onnx,pipeline-yolo-cvnet-sg-v69.onnx,"(640, 640)","[41, 68, 70, 74, 87, 95, 113, 144, 150, 158, 164, 165, 193, 205, 212, 224, 257, 298, 310, 335, 351, 354, 390, 393, 401, 403, 439, 442, 457, 466, 489, 510, 512, 514, 524, 530, 531, 543, 546, 554, 565, 573, 580, 588, 591]",0.05,0.8,"[0.7071, 1.0, 1.4142]","[0.485, 0.456, 0.406]","[0.229, 0.224, 0.225]",2.5,5,4.6,10.0,False,1e-08,88.18908303922234,97.14285714285714,94.95238095238098,93.38095238095238,76.66826525087322,98.57142857142858,97.71428571428572,97.28571428571428,55.086748240091154,92.85714285714286,92.0,89.42857142857143,89.04131913804694,98.57142857142858,96.0,93.85714285714286,76.91717782449807,100.0,98.57142857142856,97.42857142857144,55.53907500459848,94.28571428571428,92.57142857142856,89.85714285714283,
70,0.4,0.9,1,yolov8n-oiv7.pt,cvnet-sg-v70.onnx,pipeline-yolo-cvnet-sg-v70.onnx,"(640, 640)","[41, 68, 70, 74, 87, 95, 113, 144, 150, 158, 164, 165, 193, 205, 212, 224, 257, 298, 310, 335, 351, 354, 390, 393, 401, 403, 439, 442, 457, 466, 489, 510, 512, 514, 524, 530, 531, 543, 546, 554, 565, 573, 580, 588, 591]",0.05,0.9,"[0.7071, 1.0, 1.4142]","[0.485, 0.456, 0.406]","[0.229, 0.224, 0.225]",2.5,5,4.6,10.0,False,1e-08,88.18908303922234,97.14285714285714,94.95238095238098,93.38095238095238,76.66826525087322,98.57142857142858,97.71428571428572,97.28571428571428,55.086748240091154,92.85714285714286,92.0,89.42857142857143,89.06446570221138,98.57142857142858,96.0,94.0,76.9531944560617,100.0,98.57142857142856,97.57142857142856,55.7402454977965,94.28571428571428,92.85714285714286,90.57142857142854,
71,0.4,0.9,1,yolov8n-oiv7.pt,cvnet-sg-v71.onnx,pipeline-yolo-cvnet-sg-v71.onnx,"(640, 640)","[41, 68, 70, 74, 87, 95, 113, 144, 150, 158, 164, 165, 193, 205, 212, 224, 257, 298, 310, 335, 351, 354, 390, 393, 401, 403, 439, 442, 457, 466, 489, 510, 512, 514, 524, 530, 531, 543, 546, 554, 565, 573, 580, 588, 591]",0.05,0.4,"[0.7071, 1.0, 1.4142]","[0.485, 0.456, 0.406]","[0.229, 0.224, 0.225]",0.5,3,4.6,10.0,False,1e-08,88.0717787057653,97.14285714285714,94.95238095238098,93.23809523809524,76.53672664090826,98.57142857142858,97.71428571428572,97.28571428571428,54.89285648736861,92.85714285714286,92.28571428571432,89.0,88.43099008044904,98.57142857142858,95.71428571428572,93.42857142857144,76.6019971969334,98.57142857142858,97.99999999999999,97.00000000000001,55.1286753379161,92.85714285714286,92.85714285714289,89.99999999999997,
